<?xml version="1.0" encoding="UTF-8"?>
<!DOCTYPE mapper
        PUBLIC "-//mybatis.org//DTD Mapper 3.0//EN"
        "http://mybatis.org/dtd/mybatis-3-mapper.dtd">
<mapper namespace="com.bookserve.mapper.AdminMapper">
    <insert id="addAdmin">
        INSERT INTO admin(username, password, role, avatar, name)
        VALUES (#{username}, #{password}, #{role}, #{avatar}, #{name})
    </insert>
    <update id="updateAdmin">
        UPDATE admin SET username=#{username}, password=#{password}, role=#{role}, avatar=#{avatar}, name=#{name} WHERE id=#{id}
    </update>
    <delete id="deleteAdmin">
        DELETE FROM admin WHERE id=#{id}
    </delete>


    <select id="getAllAdmin" resultType="com.bookserve.pojo.Admin">
        select * from admin
        <where>
            <if test="username!=null and username!=''">
                and username like concat('%',#{username},'%')
            </if>
        </where>
    </select>
    <select id="getAdminById" resultType="com.bookserve.pojo.Admin">
        select * from admin where id=#{id}
    </select>
    <select id="login" resultType="com.bookserve.pojo.Admin">
        select id, username, password, role, name, avatar from admin where username=#{username} and password=#{password}
    </select>
    <select id="selectByUsername" resultType="com.bookserve.pojo.Admin">
        select * from admin where username=#{username}
    </select>
    <select id="findByUsername" resultType="com.bookserve.pojo.Admin">
        select * from admin where username=#{username}
    </select>
    <select id="findByAdminname" resultType="com.bookserve.pojo.Admin">
        select * from admin where username=#{username}
    </select>
</mapper>