<?xml version="1.0" encoding="UTF-8"?>
<!DOCTYPE mapper
        PUBLIC "-//mybatis.org//DTD Mapper 3.0//EN"
        "http://mybatis.org/dtd/mybatis-3-mapper.dtd">
<mapper namespace="com.bookserve.mapper.CategoryMapper">



    <!--查询分类-->
    <select id="getAllCategory" resultType="com.bookserve.pojo.Category">
        select * from category
        <where>
            <if test="name!=null and name!=''">
                and name like concat('%',#{name},'%')
            </if>
        </where>
    </select>
    <!--根据id查询分类-->
    <select id="getCategoryById" resultType="com.bookserve.pojo.Category">
        select * from category where id=#{id}
    </select>
    <select id="getAllCategory2" resultType="com.bookserve.pojo.Category">
        select * from category
    </select>
</mapper>