<?xml version="1.0" encoding="UTF-8"?>
<!DOCTYPE mapper
        PUBLIC "-//mybatis.org//DTD Mapper 3.0//EN"
        "http://mybatis.org/dtd/mybatis-3-mapper.dtd">
<mapper namespace="com.bookserve.mapper.UserMapper">
    <insert id="addUser">
        INSERT INTO user(username, password, role, email, phone, avatar, status, create_time, update_time, name)
        VALUES (#{username}, #{password}, #{role}, #{email}, #{phone}, #{avatar}, #{status}, #{createTime}, #{updateTime}, #{name})
    </insert>
    <update id="updateUser">
        UPDATE user
        <set>
            <if test="username != null">username = #{username},</if>
            <if test="password != null">password = #{password},</if>
            <if test="role != null">role = #{role},</if>
            <if test="email != null">email = #{email},</if>
            <if test="phone != null">phone = #{phone},</if>
            <if test="avatar != null">avatar = #{avatar},</if>
            <if test="status != null">status = #{status},</if>
            update_time = #{updateTime},
            <if test="name != null">name = #{name},</if>
        </set>
        WHERE id = #{id}
    </update>
    <delete id="deleteUser">
        DELETE FROM user
        WHERE id IN
        <foreach collection="ids" item="id" open="(" separator="," close=")">
            #{id}
        </foreach>
    </delete>


    <select id="getAllUser"  resultType="com.bookserve.pojo.User">
        SELECT * FROM user
        <where>
        <if test="username != null and username != ''">
            AND username LIKE CONCAT('%', #{username}, '%')
        </if>
        <if test="phone != null and phone != ''">
            AND phone LIKE CONCAT('%', #{phone}, '%')
        </if>
        <if test="status != null">
            AND status = #{status}
        </if>
        </where>
    </select>
    <select id="login" resultType="com.bookserve.pojo.User">
        SELECT * FROM user WHERE username=#{username} AND password=#{password}
    </select>
    <select id="existsByUsername" resultType="boolean">
        SELECT COUNT(*) > 0 FROM user WHERE username = #{username}
    </select>

    <select id="existsByPhone" resultType="boolean">
        SELECT COUNT(*) > 0 FROM user WHERE phone = #{phone}
    </select>
    <select id="findByUsername" resultType="com.bookserve.pojo.User">
        SELECT * FROM user WHERE username = #{username}
    </select>
    <select id="selectById" resultType="com.bookserve.pojo.User">
        SELECT * FROM user WHERE id = #{id}
    </select>
</mapper>